{
  "version": 1,
  "author": "Anonymous maker",
  "editor": "wokwi",
  "parts": [
    { "type": "board-esp32-devkit-c-v4", "id": "esp", "top": -115.2, "left": -4.76, "attrs": {} },
    {
      "type": "wokwi-dht22",
      "id": "dht1",
      "top": -9.3,
      "left": -159,
      "attrs": { "humidity": "94", "temperature": "18.8" }
    },
    {
      "type": "wokwi-photoresistor-sensor",
      "id": "ldr1",
      "top": -227.2,
      "left": -95.2,
      "attrs": {}
    },
    { "type": "wokwi-ky-040", "id": "encoder1", "top": -363.1, "left": 8.8, "attrs": {} },
    {
      "type": "wokwi-led",
      "id": "led1",
      "top": 66,
      "left": 265.8,
      "rotate": 90,
      "attrs": { "color": "red" }
    },
    {
      "type": "wokwi-resistor",
      "id": "r1",
      "top": -207.25,
      "left": 163.2,
      "attrs": { "value": "10000" }
    },
    {
      "type": "wokwi-buzzer",
      "id": "bz1",
      "top": -103.2,
      "left": -295.8,
      "attrs": { "volume": "0.1" }
    },
    { "type": "wokwi-relay-module", "id": "relay1", "top": -355, "left": -278.4, "attrs": {} },
    {
      "type": "wokwi-resistor",
      "id": "r2",
      "top": 90.65,
      "left": 142.6,
      "rotate": 180,
      "attrs": { "value": "220" }
    },
    { "type": "wokwi-servo", "id": "servo1", "top": 218.8, "left": 57.6, "attrs": {} },
    {
      "type": "wokwi-led",
      "id": "led2",
      "top": 94.8,
      "left": 265.8,
      "rotate": 90,
      "attrs": { "color": "red" }
    },
    {
      "type": "wokwi-led",
      "id": "led3",
      "top": 152.4,
      "left": 265.8,
      "rotate": 90,
      "attrs": { "color": "red" }
    },
    {
      "type": "wokwi-led",
      "id": "led4",
      "top": 123.6,
      "left": 265.8,
      "rotate": 90,
      "attrs": { "color": "red" }
    },
    {
      "type": "wokwi-resistor",
      "id": "r3",
      "top": 119.15,
      "left": 144,
      "attrs": { "value": "220" }
    },
    {
      "type": "wokwi-resistor",
      "id": "r4",
      "top": 147.95,
      "left": 144,
      "attrs": { "value": "220" }
    },
    {
      "type": "wokwi-resistor",
      "id": "r5",
      "top": 176.75,
      "left": 144,
      "rotate": 180,
      "attrs": { "value": "220" }
    }
  ],
  "connections": [
    [ "esp:TX", "$serialMonitor:RX", "", [] ],
    [ "esp:RX", "$serialMonitor:TX", "", [] ],
    [ "dht1:VCC", "esp:3V3", "red", [ "v28.8", "h86.4", "v-220.8" ] ],
    [ "dht1:GND", "esp:GND.1", "black", [ "v0", "h38.4", "v-67.2" ] ],
    [ "esp:4", "dht1:SDA", "green", [ "h28.8", "v124.8", "h-259.2", "v-9.6" ] ],
    [ "ldr1:VCC", "esp:3V3", "red", [ "h28.8", "v67.2", "h-134.4", "v57.6", "h9.6" ] ],
    [ "ldr1:GND", "r1:1", "black", [ "h0" ] ],
    [ "r1:2", "esp:GND.3", "green", [ "v0" ] ],
    [ "esp:26", "ldr1:DO", "green", [ "h-28.65", "v-134.4", "h163.2", "v-57.6", "h-9.6" ] ],
    [ "ldr1:AO", "esp:35", "green", [ "h0", "v28.1", "h-96", "v115.2" ] ],
    [ "encoder1:CLK", "esp:15", "green", [ "h38.4", "v403.2" ] ],
    [ "encoder1:DT", "esp:16", "green", [ "h57.6", "v0.1", "h76.8", "v355.2" ] ],
    [ "encoder1:SW", "esp:17", "green", [ "h115.2", "v28.9" ] ],
    [ "encoder1:VCC", "esp:3V3", "red", [ "h67.2", "v77.2", "h-297.6", "v163.2" ] ],
    [ "encoder1:GND", "esp:GND.3", "black", [ "h28.8", "v20" ] ],
    [ "r2:1", "led1:A", "green", [ "h-0.55", "v-75.95" ] ],
    [ "r2:2", "esp:2", "green", [ "v0", "h-27.6", "v-48" ] ],
    [ "led1:C", "esp:GND.3", "green", [ "h-76.8", "v-114.8" ] ],
    [ "bz1:1", "esp:GND.1", "green", [ "v192", "h230.4", "v-134.4" ] ],
    [ "esp:13", "bz1:2", "green", [ "h-19.05", "v144", "h-240", "v-9.6" ] ],
    [ "relay1:VCC", "esp:3V3", "red", [ "h-28.8", "v201.6", "h268.8", "v48" ] ],
    [ "relay1:GND", "esp:GND.1", "black", [ "h-19.2", "v182", "h230.4", "v182.4" ] ],
    [ "relay1:IN", "esp:14", "green", [ "h124.8", "v278.2", "h115.2", "v57.6" ] ],
    [ "servo1:GND", "esp:GND.1", "black", [ "h-105.6", "v-230.4" ] ],
    [ "servo1:V+", "esp:3V3", "green", [ "h-240", "v-364.7" ] ],
    [ "esp:33", "servo1:PWM", "green", [ "h-86.25", "v316.8" ] ],
    [ "led2:C", "esp:GND.3", "green", [ "h-38.4", "v-57.2", "h-28.8", "v-86.4" ] ],
    [ "led4:C", "esp:GND.3", "green", [ "h-28.8", "v-95.6", "h-28.8", "v-76.8" ] ],
    [ "led3:C", "esp:GND.3", "green", [ "h-48", "v-105.2", "h-38.4", "v-96" ] ],
    [ "led2:A", "r3:2", "green", [ "h0" ] ],
    [ "r3:1", "esp:5", "green", [ "v0" ] ],
    [ "led4:A", "r4:2", "green", [ "h0" ] ],
    [ "r4:1", "esp:18", "green", [ "v0", "h-9.6", "v-163.2" ] ],
    [ "led3:A", "r5:1", "green", [ "h0" ] ],
    [ "r5:2", "esp:19", "green", [ "v0.3", "h-38.6", "v-201.6" ] ]
  ],
  "dependencies": {}
}